Image,Title,Description,Link,Board,Keywords,Alt text,Suggested day
01_budget_template.png,Renovation Budget Template for Excel — Home Renovation Planner,"Keep your renovation budget, contractors, payments and timeline in one Excel dashboard. See your forecast final cost, contingency used and a ranked list of what needs your attention this week. Made for homeowners managing their own renovation.",https://YOUR-GUMROAD-LINK,Renovation Planning,"renovation budget template, renovation planner, excel template, home renovation budget, remodel budget spreadsheet","Excel renovation dashboard showing working budget, forecast final cost, contingency used and a red action-required health score",Day 1
02_hidden_costs_list.png,5 Hidden Costs Missing From Your Renovation Quote,"Before you sign a contractor quote, check these 5 costs that are often NOT included: waste disposal, delivery, finishing, electrical upgrades and cleanup. Renovation OS has a hidden-cost checklist that adds them up so you compare the TRUE cost of every quote.",https://YOUR-GUMROAD-LINK,Renovation Tips,"renovation quote, contractor quote checklist, hidden renovation costs, renovation tips, remodel budget","List of five hidden costs often missing from renovation quotes, with an Excel quote comparison checklist",Day 2
03_cheapest_quote.png,Why the Cheapest Renovation Quote Can Cost More,"A quote that looks €2,500 cheaper can end up €1,500 more expensive once you add waste disposal, delivery and electrical work it doesn't include. Compare contractor quotes by TRUE cost with this Excel renovation planner.",https://YOUR-GUMROAD-LINK,Renovation Tips,"compare contractor quotes, renovation quote comparison, kitchen remodel quote, renovation budget, excel template",Excel comparison of three kitchen quotes showing the cheapest quote becomes more expensive after hidden costs,Day 3
04_pay_ahead.png,Never Pay a Contractor Ahead of the Work,The golden rule of managing a renovation: the % you have paid should never run far ahead of the % of work done. This Excel planner compares both for every contractor and flags “paying ahead of work” before it's too late.,https://YOUR-GUMROAD-LINK,Renovation Tips,"contractor payment schedule, paying contractors, renovation tips, home renovation, contractor tracker",Excel contractor list comparing percent of work complete with percent paid and a warning for paying ahead of work,Day 4
05_contingency.png,How Much Contingency Does a Renovation Need?,"Plan a contingency of 10–15% of your total renovation budget for surprises like rotten joists, asbestos or rerouted pipes — and track how much of it you've used. Renovation OS shows contingency used on your dashboard and warns you above 75%.",https://YOUR-GUMROAD-LINK,Renovation Budget,"renovation contingency, renovation budget tips, home renovation budget, remodel budget, renovation planning","Tip graphic: renovations need 10 to 15 percent contingency, with three rules for using it",Day 5
06_gantt.png,Renovation Timeline Template with Gantt Chart (Excel),"Plan your renovation step by step: design, permits, demolition, rough-in, inspections, finishes and move-in. Set durations and dependencies once; when a task slips, every date after it moves — including your move-in date.",https://YOUR-GUMROAD-LINK,Renovation Planning,"renovation timeline, gantt chart excel, renovation schedule, remodel planner, home renovation plan","Excel renovation timeline with task list and weekly Gantt chart, late task in red",Day 6
07_delay.png,How One Renovation Delay Moves Your Move-In Date,"In a renovation, tasks depend on each other: no drywall before the inspection, no inspection before plumbing. See how one late task pushes the whole schedule — and your move-in date — with an Excel renovation timeline.",https://YOUR-GUMROAD-LINK,Renovation Planning,"renovation delay, renovation timeline, move in date, renovation schedule, gantt chart",Excel Gantt chart where a late plumbing task pushes later tasks and the move-in date,Day 7
08_change_order.png,3 Things to Check Before Approving a Renovation Change Order,"Every “small extra” during a renovation changes your budget and timeline. Before you approve a change order, check the new total cost, how much contingency is left, and the new move-in date. Renovation OS previews all three automatically.",https://YOUR-GUMROAD-LINK,Renovation Tips,"change order, renovation extras, renovation budget, contractor change request, home renovation tips","Checklist of three things to check before approving a change order, with an Excel impact preview",Day 8
09_order_by.png,"When to Order Tiles, Taps and Appliances for Your Renovation",Late materials are one of the most common renovation delays. Work backwards: install date minus supplier lead time minus a safety buffer = your order-by date. Decide a week earlier. This Excel planner calculates both dates for every item.,https://YOUR-GUMROAD-LINK,Renovation Planning,"renovation materials, order tiles, kitchen appliances, renovation checklist, remodel planning","Excel table of materials with needed-on, order-by and decide-by dates and status warnings",Day 9
10_monday.png,10-Minute Weekly Routine to Stay in Control of Your Renovation,"Managing your own renovation doesn't have to take your evenings. Once a week: open the dashboard, work through the ranked next actions (overdue payments, late tasks, decisions), and update what's been paid and done.",https://YOUR-GUMROAD-LINK,Renovation Planning,"renovation routine, project management home, renovation organization, renovation planner, home renovation",Weekly routine with an Excel dashboard listing ranked renovation actions,Day 10
11_cash_flow.png,Renovation Cash Flow Planner: What You'll Pay Each Month,"Avoid cash surprises during your renovation. See what you've paid and what's still due each month, and how much cash you need in the next 30 days — calculated from your contractor payment schedule.",https://YOUR-GUMROAD-LINK,Renovation Budget,"renovation cash flow, renovation payments, renovation budget, payment schedule, excel budget template",Excel monthly cash flow table for a renovation with paid and still-to-pay amounts,Day 11
12_rooms.png,Room-by-Room Renovation Tracker (Excel),"Kitchen over budget? Bathroom waiting on decisions? Room cards show budget used, progress, open issues and contractors for every room of your renovation.",https://YOUR-GUMROAD-LINK,Renovation Planning,"kitchen remodel tracker, bathroom renovation, room by room renovation, renovation planner, home renovation",Excel room cards for kitchen and bathrooms showing budget used and progress,Day 12
13_punch_list.png,Don't Make the Final Renovation Payment Until…,"Your last payment is your leverage. Hold it back until the punch list is done, the final inspection is passed, you have the warranty in writing and the invoices match the contract plus approved changes.",https://YOUR-GUMROAD-LINK,Renovation Tips,"punch list, final payment contractor, renovation tips, renovation checklist, snag list",Checklist of four things to confirm before making the final contractor payment,Day 13
14_documents.png,Documents You Should Keep During a Renovation,"Keep these for every renovation: contract and quote per contractor, insurance certificates, permits and plans, invoices and receipts, and photos at every stage (especially behind the walls before they are closed).",https://YOUR-GUMROAD-LINK,Renovation Tips,"renovation documents, renovation checklist, home renovation tips, contractor insurance, renovation organization",Checklist of documents to keep during a home renovation,Day 14
15_forecast.png,Know Your Renovation's Final Cost Before the Final Invoice,"See forecast vs budget for every category of your renovation — kitchen, bathrooms, electrical, flooring — and know your final cost months before the last invoice.",https://YOUR-GUMROAD-LINK,Renovation Budget,"renovation budget tracker, renovation cost, remodel budget, budget vs actual, excel chart",Excel bar chart of budget versus forecast by renovation category and a monthly cash-flow chart,Day 15
16_question_over_budget.png,Is Your Renovation Over Budget Without You Knowing?,"Most homeowners only discover the real cost at the final invoice. A simple forecast — committed contracts, approved extras and open risks — shows it months earlier, while you can still act.",https://YOUR-GUMROAD-LINK,Renovation Budget,"renovation over budget, renovation budget, remodel costs, home renovation, renovation planner",Question graphic asking whether your renovation is over budget,Day 16
17_start_10_minutes.png,Set Up Your Renovation Planner in 10 Minutes,"Five steps: project dates and budget, a budget per category, your contractors, payment milestones and task durations. After that, 10 minutes a week keeps your whole renovation under control.",https://YOUR-GUMROAD-LINK,Renovation Planning,"renovation planner, renovation spreadsheet, excel planner, home renovation, project planner",Five-step setup list for an Excel renovation planner,Day 17
18_lite.png,Simple Renovation Budget Tracker for Excel (Lite),"Just the essentials: budget and forecast, contractor payments with a paying-ahead warning, a timeline with Gantt chart and an issues list — on one Excel dashboard.",https://YOUR-GUMROAD-LINK,Renovation Budget,"simple budget tracker, renovation budget spreadsheet, excel budget template, diy renovation, remodel budget","Simple Excel renovation dashboard with budget, payments and health score",Day 18
